INSERT INTO journey_categories (id, name, question, "createdAt", "updatedAt") VALUES
(1, 'Health & Wellbeing', 'What’s the biggest challenge you''re facing in your health right now?', '2025-03-26 13:36:29', '2025-03-26 13:36:29'),
(2, 'Self-Improvement & Productivity', 'If you could fix one habit in your life, what would it be?', '2025-03-26 13:36:29', '2025-03-26 13:36:29'),
(3, 'Emotional Growth & Relationships', 'Tell us about a recent emotional challenge you faced.', '2025-03-26 13:36:29', '2025-03-26 13:36:29'),
(4, 'Career & Learning', 'What’s your biggest career goal right now?', '2025-03-26 13:36:29', '2025-03-26 13:36:29'),
(5, 'Life Transitions & Major Changes', 'Describe a major change you’re going through right now.', '2025-03-26 13:36:29', '2025-03-26 13:36:29');
INSERT INTO jpf_questions (id, question, question_type, level_type, "createdAt", "updatedAt") VALUES
(1, 'What’s the biggest challenge in maintaining a healthy lifestyle?', 'single_choice', 'normal', '2025-03-26 13:36:29', '2025-03-26 13:36:29'),
(2, 'How consistently do you follow a sleep or health routine?', 'single_choice', 'normal', '2025-03-26 13:36:29', '2025-03-26 13:36:29'),
(3, 'Describe one small change you''ve made for your health.', 'single_choice', 'video', '2025-03-26 13:36:29', '2025-03-26 13:36:29'),
(4, 'How often do you feel overwhelmed by stress?', 'single_choice', 'normal', '2025-03-26 13:36:29', '2025-03-26 13:36:29'),
(5, 'What’s your go-to coping mechanism for stress?', 'single_choice', 'normal', '2025-03-26 13:36:29', '2025-03-26 13:36:29'),
(6, 'What’s one thing you do when you''re feeling stressed?', 'single_choice', 'video', '2025-03-26 13:36:29', '2025-03-26 13:36:29'),
(7, 'How would you describe your current health condition?', 'single_choice', 'normal', '2025-03-26 13:36:29', '2025-03-26 13:36:29'),
(8, 'How much support do you feel you have?', 'single_choice', 'normal', '2025-03-26 13:36:29', '2025-03-26 13:36:29'),
(9, 'What has been the hardest part of managing your condition?', 'single_choice', 'video', '2025-03-26 13:36:29', '2025-03-26 13:36:29'),
(10, 'What’s your biggest struggle with healthy eating?', 'single_choice', 'normal', '2025-03-26 13:36:29', '2025-03-26 13:36:29'),
(11, 'How often do you feel in control of your eating habits?', 'single_choice', 'normal', '2025-03-26 13:36:29', '2025-03-26 13:36:29'),
(12, 'Describe one positive step you''ve taken towards eating healthier.', 'single_choice', 'video', '2025-03-26 13:36:29', '2025-03-26 13:36:29'),
(13, 'How often do you experience cravings?', 'single_choice', 'normal', '2025-03-26 13:36:29', '2025-03-26 13:36:29'),
(14, 'What’s your main reason for quitting?', 'single_choice', 'normal', '2025-03-26 13:36:29', '2025-03-26 13:36:29'),
(15, 'What triggers your cravings the most?', 'single_choice', 'video', '2025-03-26 13:36:29', '2025-03-26 13:36:29'),
(16, 'How active are you currently?', 'single_choice', 'normal', '2025-03-26 13:36:29', '2025-03-26 13:36:29'),
(17, 'What’s the biggest obstacle to exercising?', 'single_choice', 'normal', '2025-03-26 13:36:29', '2025-03-26 13:36:29'),
(18, 'What’s one reason you want to be more active?', 'single_choice', 'video', '2025-03-26 13:36:29', '2025-03-26 13:36:29'),
(19, 'How often do you procrastinate?', 'single_choice', 'normal', '2025-03-26 13:36:29', '2025-03-26 13:36:29'),
(20, 'What’s your biggest challenge in staying consistent?', 'single_choice', 'normal', '2025-03-26 13:36:29', '2025-03-26 13:36:29'),
(21, 'What’s one goal you''re working on right now?', 'single_choice', 'video', '2025-03-26 13:36:29', '2025-03-26 13:36:29'),
(22, 'How often do you doubt yourself?', 'single_choice', 'normal', '2025-03-26 13:36:29', '2025-03-26 13:36:29'),
(23, 'What makes you feel most confident?', 'single_choice', 'normal', '2025-03-26 13:36:29', '2025-03-26 13:36:29'),
(24, 'Describe a moment when you felt truly confident.', 'single_choice', 'video', '2025-03-26 13:36:29', '2025-03-26 13:36:29'),
(25, 'How often do you feel distracted or struggle to focus?', 'single_choice', 'normal', '2025-03-26 13:36:29', '2025-03-26 13:36:29'),
(26, 'What’s the biggest challenge in managing your time effectively?', 'single_choice', 'normal', '2025-03-26 13:36:29', '2025-03-26 13:36:29'),
(27, 'Describe a time when you felt completely focused and productive.', 'single_choice', 'video', '2025-03-26 13:36:29', '2025-03-26 13:36:29'),
(28, 'How comfortable do you feel in social situations?', 'single_choice', 'normal', '2025-03-26 13:36:29', '2025-03-26 13:36:29'),
(29, 'What’s your biggest struggle with communication?', 'single_choice', 'normal', '2025-03-26 13:36:29', '2025-03-26 13:36:29'),
(30, 'Tell us about a social situation that made you feel great (or nervous).', 'single_choice', 'video', '2025-03-26 13:36:29', '2025-03-26 13:36:29'),
(31, 'How confident do you feel about managing your finances?', 'single_choice', 'normal', '2025-03-26 13:36:29', '2025-03-26 13:36:29'),
(32, 'What’s your biggest financial challenge?', 'single_choice', 'normal', '2025-03-26 13:36:29', '2025-03-26 13:36:29'),
(33, 'Describe a time when you felt financially in control (or out of control).', 'single_choice', 'video', '2025-03-26 13:36:29', '2025-03-26 13:36:29'),
(34, 'How often do you think about your past relationship?', 'single_choice', 'normal', '2025-03-26 13:36:29', '2025-03-26 13:36:29'),
(35, 'How would you describe your emotions about it now?', 'single_choice', 'normal', '2025-03-26 13:36:29', '2025-03-26 13:36:29'),
(36, 'How do you feel about moving forward?', 'single_choice', 'video', '2025-03-26 13:36:29', '2025-03-26 13:36:29'),
(37, 'How satisfied are you with your current relationships?', 'single_choice', 'normal', '2025-03-26 13:36:29', '2025-03-26 13:36:29'),
(38, 'What’s the biggest challenge in your relationships?', 'single_choice', 'normal', '2025-03-26 13:36:29', '2025-03-26 13:36:29'),
(39, 'Describe a moment when you felt truly connected with someone.', 'single_choice', 'video', '2025-03-26 13:36:29', '2025-03-26 13:36:29'),
(40, 'How often do you feel lonely?', 'single_choice', 'normal', '2025-03-26 13:36:29', '2025-03-26 13:36:29'),
(41, 'What’s stopping you from socializing more?', 'single_choice', 'normal', '2025-03-26 13:36:29', '2025-03-26 13:36:29'),
(42, 'What kind of connections do you wish you had?', 'single_choice', 'video', '2025-03-26 13:36:29', '2025-03-26 13:36:29'),
(43, 'How often do you feel frustrated or angry?', 'single_choice', 'normal', '2025-03-26 13:36:29', '2025-03-26 13:36:29'),
(44, 'What’s the hardest part about managing your emotions?', 'single_choice', 'normal', '2025-03-26 13:36:29', '2025-03-26 13:36:29'),
(45, 'Tell us about a time when you handled a situation calmly despite feeling angry.', 'single_choice', 'video', '2025-03-26 13:36:29', '2025-03-26 13:36:29'),
(46, 'How often do you practice gratitude?', 'single_choice', 'normal', '2025-03-26 13:36:29', '2025-03-26 13:36:29'),
(47, 'What’s the biggest obstacle to staying positive?', 'single_choice', 'normal', '2025-03-26 13:36:29', '2025-03-26 13:36:29'),
(48, 'What’s one thing you’re grateful for today?', 'single_choice', 'video', '2025-03-26 13:36:29', '2025-03-26 13:36:29'),
(49, 'How confident are you in your career direction?', 'single_choice', 'normal', '2025-03-26 13:36:29', '2025-03-26 13:36:29'),
(50, 'What’s holding you back from the next step?', 'single_choice', 'normal', '2025-03-26 13:36:29', '2025-03-26 13:36:29'),
(51, 'What’s your dream job or career goal?', 'single_choice', 'video', '2025-03-26 13:36:29', '2025-03-26 13:36:29'),
(52, 'How clear are you about what you want in life?', 'single_choice', 'normal', '2025-03-26 13:36:29', '2025-03-26 13:36:29'),
(53, 'What’s holding you back from pursuing your passion?', 'single_choice', 'normal', '2025-03-26 13:36:29', '2025-03-26 13:36:29'),
(54, 'Describe a time when you felt truly excited about something you were working on.', 'single_choice', 'video', '2025-03-26 13:36:29', '2025-03-26 13:36:29'),
(55, 'How often do you feel exhausted from work?', 'single_choice', 'normal', '2025-03-26 13:36:29', '2025-03-26 13:36:29'),
(56, 'What’s causing your burnout the most?', 'single_choice', 'normal', '2025-03-26 13:36:29', '2025-03-26 13:36:29'),
(57, 'Describe how work is making you feel lately.', 'single_choice', 'video', '2025-03-26 13:36:29', '2025-03-26 13:36:29'),
(58, 'How often do you engage in learning new things?', 'single_choice', 'normal', '2025-03-26 13:36:29', '2025-03-26 13:36:29'),
(59, 'What’s your biggest challenge in staying mentally sharp?', 'single_choice', 'normal', '2025-03-26 13:36:29', '2025-03-26 13:36:29'),
(60, 'What’s one skill or topic you’d love to master?', 'single_choice', 'video', '2025-03-26 13:36:29', '2025-03-26 13:36:29'),
(61, 'How far along are you in your side hustle or business?', 'single_choice', 'normal', '2025-03-26 13:36:29', '2025-03-26 13:36:29'),
(62, 'What’s your biggest challenge in growing your business?', 'single_choice', 'normal', '2025-03-26 13:36:29', '2025-03-26 13:36:29'),
(63, 'Describe your side hustle or business idea in one sentence.', 'single_choice', 'video', '2025-03-26 13:36:29', '2025-03-26 13:36:29'),
(64, 'How settled do you feel in your new environment?', 'single_choice', 'normal', '2025-03-26 13:36:29', '2025-03-26 13:36:29'),
(65, 'What’s been the hardest part of moving?', 'single_choice', 'normal', '2025-03-26 13:36:29', '2025-03-26 13:36:29'),
(66, 'What’s one thing you miss from your previous home?', 'single_choice', 'video', '2025-03-26 13:36:29', '2025-03-26 13:36:29'),
(67, 'How prepared do you feel for parenthood?', 'single_choice', 'normal', '2025-03-26 13:36:29', '2025-03-26 13:36:29'),
(68, 'What’s your biggest concern about this transition?', 'single_choice', 'normal', '2025-03-26 13:36:29', '2025-03-26 13:36:29'),
(69, 'What’s one thing you hope to pass down to your child?', 'single_choice', 'video', '2025-03-26 13:36:29', '2025-03-26 13:36:29'),
(70, 'How do you feel about this next phase of your life?', 'single_choice', 'normal', '2025-03-26 13:36:29', '2025-03-26 13:36:29'),
(71, 'What’s your biggest concern about retirement?', 'single_choice', 'normal', '2025-03-26 13:36:29', '2025-03-26 13:36:29'),
(72, 'What’s one thing you look forward to in retirement?', 'single_choice', 'video', '2025-03-26 13:36:29', '2025-03-26 13:36:29'),
(73, 'How do you feel about your progress since the setback?', 'single_choice', 'normal', '2025-03-26 13:36:29', '2025-03-26 13:36:29'),
(74, 'What’s been your biggest motivator?', 'single_choice', 'normal', '2025-03-26 13:36:29', '2025-03-26 13:36:29'),
(75, 'What has helped you move forward the most?', 'single_choice', 'video', '2025-03-26 13:36:29', '2025-03-26 13:36:29'),
(76, 'How confident do you feel about improving in this journey?', 'one_to_ten', 'general', '2025-03-26 13:36:29', '2025-03-26 13:36:29'),
(77, 'What’s one action you’ve already taken?', 'single_choice', 'general', '2025-03-26 13:36:29', '2025-03-26 13:36:29'),
(78, 'How do you react when facing obstacles?', 'single_choice', 'general', '2025-03-26 13:36:29', '2025-03-26 13:36:29');
INSERT INTO jpf_answers (question, content, "createdAt", "updatedAt") VALUES
(1, 'Lack of time', '2025-03-26 13:36:29', '2025-03-26 13:36:29'),
(1, 'Motivation', '2025-03-26 13:36:29', '2025-03-26 13:36:29'),
(1, 'Knowledge', '2025-03-26 13:36:29', '2025-03-26 13:36:29'),
(1, 'Other', '2025-03-26 13:36:29', '2025-03-26 13:36:29'),
(2, 'Never', '2025-03-26 13:36:29', '2025-03-26 13:36:29'),
(2, 'Rarely', '2025-03-26 13:36:29', '2025-03-26 13:36:29'),
(2, 'Sometimes', '2025-03-26 13:36:29', '2025-03-26 13:36:29'),
(2, 'Almost Daily', '2025-03-26 13:36:29', '2025-03-26 13:36:29'),
(4, 'Daily', '2025-03-26 13:36:29', '2025-03-26 13:36:29'),
(4, 'Weekly', '2025-03-26 13:36:29', '2025-03-26 13:36:29'),
(4, 'Occasionally', '2025-03-26 13:36:29', '2025-03-26 13:36:29'),
(4, 'Rarely', '2025-03-26 13:36:29', '2025-03-26 13:36:29'),
(5, 'Meditation', '2025-03-26 13:36:29', '2025-03-26 13:36:29'),
(5, 'Exercise', '2025-03-26 13:36:29', '2025-03-26 13:36:29'),
(5, 'Talking to someone', '2025-03-26 13:36:29', '2025-03-26 13:36:29'),
(5, 'I don’t have one', '2025-03-26 13:36:29', '2025-03-26 13:36:29'),
(7, 'Stable', '2025-03-26 13:36:29', '2025-03-26 13:36:29'),
(7, 'Improving', '2025-03-26 13:36:29', '2025-03-26 13:36:29'),
(7, 'Worsening', '2025-03-26 13:36:29', '2025-03-26 13:36:29'),
(7, 'Uncertain', '2025-03-26 13:36:29', '2025-03-26 13:36:29'),
(8, 'A lot', '2025-03-26 13:36:29', '2025-03-26 13:36:29'),
(8, 'Some', '2025-03-26 13:36:29', '2025-03-26 13:36:29'),
(8, 'Very little', '2025-03-26 13:36:29', '2025-03-26 13:36:29'),
(8, 'None', '2025-03-26 13:36:29', '2025-03-26 13:36:29'),
(10, 'Cravings', '2025-03-26 13:36:29', '2025-03-26 13:36:29'),
(10, 'Meal prep', '2025-03-26 13:36:29', '2025-03-26 13:36:29'),
(10, 'Lack of knowledge', '2025-03-26 13:36:29', '2025-03-26 13:36:29'),
(10, 'Emotional eating', '2025-03-26 13:36:29', '2025-03-26 13:36:29'),
(11, 'Always', '2025-03-26 13:36:29', '2025-03-26 13:36:29'),
(11, 'Most of the time', '2025-03-26 13:36:29', '2025-03-26 13:36:29'),
(11, 'Sometimes', '2025-03-26 13:36:29', '2025-03-26 13:36:29'),
(11, 'Rarely', '2025-03-26 13:36:29', '2025-03-26 13:36:29'),
(13, 'Multiple times a day', '2025-03-26 13:36:29', '2025-03-26 13:36:29'),
(13, 'Once a day', '2025-03-26 13:36:29', '2025-03-26 13:36:29'),
(13, 'Occasionally', '2025-03-26 13:36:29', '2025-03-26 13:36:29'),
(13, 'Rarely', '2025-03-26 13:36:29', '2025-03-26 13:36:29'),
(14, 'Health', '2025-03-26 13:36:29', '2025-03-26 13:36:29'),
(14, 'Family', '2025-03-26 13:36:29', '2025-03-26 13:36:29'),
(14, 'Save Money', '2025-03-26 13:36:29', '2025-03-26 13:36:29'),
(14, 'Social Pressure', '2025-03-26 13:36:29', '2025-03-26 13:36:29'),
(16, 'Sedentary', '2025-03-26 13:36:29', '2025-03-26 13:36:29'),
(16, 'Light exercise', '2025-03-26 13:36:29', '2025-03-26 13:36:29'),
(16, 'Regular workouts', '2025-03-26 13:36:29', '2025-03-26 13:36:29'),
(16, 'Athlete level', '2025-03-26 13:36:29', '2025-03-26 13:36:29'),
(17, 'Time', '2025-03-26 13:36:29', '2025-03-26 13:36:29'),
(17, 'Motivation', '2025-03-26 13:36:29', '2025-03-26 13:36:29'),
(17, 'Energy', '2025-03-26 13:36:29', '2025-03-26 13:36:29'),
(17, 'Injury', '2025-03-26 13:36:29', '2025-03-26 13:36:29'),
(19, 'All the time', '2025-03-26 13:36:29', '2025-03-26 13:36:29'),
(19, 'Frequently', '2025-03-26 13:36:29', '2025-03-26 13:36:29'),
(19, 'Sometimes', '2025-03-26 13:36:29', '2025-03-26 13:36:29'),
(19, 'Rarely', '2025-03-26 13:36:29', '2025-03-26 13:36:29'),
(20, 'Distractions', '2025-03-26 13:36:29', '2025-03-26 13:36:29'),
(20, 'Motivation', '2025-03-26 13:36:29', '2025-03-26 13:36:29'),
(20, 'Overwhelm', '2025-03-26 13:36:29', '2025-03-26 13:36:29'),
(20, 'No clear goals', '2025-03-26 13:36:29', '2025-03-26 13:36:29'),
(22, 'Daily', '2025-03-26 13:36:29', '2025-03-26 13:36:29'),
(22, 'Weekly', '2025-03-26 13:36:29', '2025-03-26 13:36:29'),
(22, 'Occasionally', '2025-03-26 13:36:29', '2025-03-26 13:36:29'),
(22, 'Rarely', '2025-03-26 13:36:29', '2025-03-26 13:36:29'),
(23, 'Appearance', '2025-03-26 13:36:29', '2025-03-26 13:36:29'),
(23, 'Skills', '2025-03-26 13:36:29', '2025-03-26 13:36:29'),
(23, 'Achievements', '2025-03-26 13:36:29', '2025-03-26 13:36:29'),
(23, 'Relationships', '2025-03-26 13:36:29', '2025-03-26 13:36:29'),
(25, 'All the time', '2025-03-26 13:36:29', '2025-03-26 13:36:29'),
(25, 'Frequently', '2025-03-26 13:36:29', '2025-03-26 13:36:29'),
(25, 'Sometimes', '2025-03-26 13:36:29', '2025-03-26 13:36:29'),
(25, 'Rarely', '2025-03-26 13:36:29', '2025-03-26 13:36:29'),
(26, 'Too many distractions', '2025-03-26 13:36:29', '2025-03-26 13:36:29'),
(26, 'Poor planning', '2025-03-26 13:36:29', '2025-03-26 13:36:29'),
(26, 'Procrastination', '2025-03-26 13:36:29', '2025-03-26 13:36:29'),
(26, 'No clear priorities', '2025-03-26 13:36:29', '2025-03-26 13:36:29'),
(28, 'Very comfortable', '2025-03-26 13:36:29', '2025-03-26 13:36:29'),
(28, 'Somewhat comfortable', '2025-03-26 13:36:29', '2025-03-26 13:36:29'),
(28, 'A little awkward', '2025-03-26 13:36:29', '2025-03-26 13:36:29'),
(28, 'Very anxious', '2025-03-26 13:36:29', '2025-03-26 13:36:29'),
(29, 'Starting conversations', '2025-03-26 13:36:29', '2025-03-26 13:36:29'),
(29, 'Expressing myself clearly', '2025-03-26 13:36:29', '2025-03-26 13:36:29'),
(29, 'Public speaking', '2025-03-26 13:36:29', '2025-03-26 13:36:29'),
(29, 'Reading social cues', '2025-03-26 13:36:29', '2025-03-26 13:36:29'),
(31, 'Very confident', '2025-03-26 13:36:29', '2025-03-26 13:36:29'),
(31, 'Somewhat confident', '2025-03-26 13:36:29', '2025-03-26 13:36:29'),
(31, 'Unsure', '2025-03-26 13:36:29', '2025-03-26 13:36:29'),
(31, 'Not confident at all', '2025-03-26 13:36:29', '2025-03-26 13:36:29'),
(32, 'Saving money', '2025-03-26 13:36:29', '2025-03-26 13:36:29'),
(32, 'Budgeting', '2025-03-26 13:36:29', '2025-03-26 13:36:29'),
(32, 'Managing debt', '2025-03-26 13:36:29', '2025-03-26 13:36:29'),
(32, 'Investing wisely', '2025-03-26 13:36:29', '2025-03-26 13:36:29'),
(34, 'Daily', '2025-03-26 13:36:29', '2025-03-26 13:36:29'),
(34, 'Weekly', '2025-03-26 13:36:29', '2025-03-26 13:36:29'),
(34, 'Occasionally', '2025-03-26 13:36:29', '2025-03-26 13:36:29'),
(34, 'Almost Never', '2025-03-26 13:36:29', '2025-03-26 13:36:29'),
(35, 'Overwhelmed', '2025-03-26 13:36:29', '2025-03-26 13:36:29'),
(35, 'Sad but healing', '2025-03-26 13:36:29', '2025-03-26 13:36:29'),
(35, 'Mostly okay', '2025-03-26 13:36:29', '2025-03-26 13:36:29'),
(35, 'Fully moved on', '2025-03-26 13:36:29', '2025-03-26 13:36:29'),
(37, 'Very satisfied', '2025-03-26 13:36:29', '2025-03-26 13:36:29'),
(37, 'Somewhat satisfied', '2025-03-26 13:36:29', '2025-03-26 13:36:29'),
(37, 'Neutral', '2025-03-26 13:36:29', '2025-03-26 13:36:29'),
(37, 'Struggling', '2025-03-26 13:36:29', '2025-03-26 13:36:29'),
(38, 'Lack of communication', '2025-03-26 13:36:29', '2025-03-26 13:36:29'),
(38, 'Not enough time', '2025-03-26 13:36:29', '2025-03-26 13:36:29'),
(38, 'Trust issues', '2025-03-26 13:36:29', '2025-03-26 13:36:29'),
(38, 'Conflict resolution', '2025-03-26 13:36:29', '2025-03-26 13:36:29'),
(40, 'Daily', '2025-03-26 13:36:29', '2025-03-26 13:36:29'),
(40, 'Weekly', '2025-03-26 13:36:29', '2025-03-26 13:36:29'),
(40, 'Occasionally', '2025-03-26 13:36:29', '2025-03-26 13:36:29'),
(40, 'Rarely', '2025-03-26 13:36:29', '2025-03-26 13:36:29'),
(41, 'Shyness', '2025-03-26 13:36:29', '2025-03-26 13:36:29'),
(41, 'Lack of time', '2025-03-26 13:36:29', '2025-03-26 13:36:29'),
(41, 'No opportunities', '2025-03-26 13:36:29', '2025-03-26 13:36:29'),
(41, 'No motivation', '2025-03-26 13:36:29', '2025-03-26 13:36:29'),
(43, 'Daily', '2025-03-26 13:36:29', '2025-03-26 13:36:29'),
(43, 'Weekly', '2025-03-26 13:36:29', '2025-03-26 13:36:29'),
(43, 'Occasionally', '2025-03-26 13:36:29', '2025-03-26 13:36:29'),
(43, 'Rarely', '2025-03-26 13:36:29', '2025-03-26 13:36:29'),
(44, 'Controlling reactions', '2025-03-26 13:36:29', '2025-03-26 13:36:29'),
(44, 'Understanding triggers', '2025-03-26 13:36:29', '2025-03-26 13:36:29'),
(44, 'Letting go of resentment', '2025-03-26 13:36:29', '2025-03-26 13:36:29'),
(44, 'Expressing emotions constructively', '2025-03-26 13:36:29', '2025-03-26 13:36:29'),
(46, 'Daily', '2025-03-26 13:36:29', '2025-03-26 13:36:29'),
(46, 'Weekly', '2025-03-26 13:36:29', '2025-03-26 13:36:29'),
(46, 'Occasionally', '2025-03-26 13:36:29', '2025-03-26 13:36:29'),
(46, 'Rarely', '2025-03-26 13:36:29', '2025-03-26 13:36:29'),
(47, 'Negative thoughts', '2025-03-26 13:36:29', '2025-03-26 13:36:29'),
(47, 'Stress', '2025-03-26 13:36:29', '2025-03-26 13:36:29'),
(47, 'Lack of motivation', '2025-03-26 13:36:29', '2025-03-26 13:36:29'),
(47, 'Uncertain future', '2025-03-26 13:36:29', '2025-03-26 13:36:29'),
(49, 'Very confident', '2025-03-26 13:36:29', '2025-03-26 13:36:29'),
(49, 'Somewhat', '2025-03-26 13:36:29', '2025-03-26 13:36:29'),
(49, 'Unsure', '2025-03-26 13:36:29', '2025-03-26 13:36:29'),
(49, 'Lost', '2025-03-26 13:36:29', '2025-03-26 13:36:29'),
(50, 'Lack of skills', '2025-03-26 13:36:29', '2025-03-26 13:36:29'),
(50, 'Fear of failure', '2025-03-26 13:36:29', '2025-03-26 13:36:29'),
(50, 'No opportunities', '2025-03-26 13:36:29', '2025-03-26 13:36:29'),
(50, 'Other', '2025-03-26 13:36:29', '2025-03-26 13:36:29'),
(52, 'Very clear', '2025-03-26 13:36:29', '2025-03-26 13:36:29'),
(52, 'Somewhat clear', '2025-03-26 13:36:29', '2025-03-26 13:36:29'),
(52, 'Uncertain', '2025-03-26 13:36:29', '2025-03-26 13:36:29'),
(52, 'Completely lost', '2025-03-26 13:36:29', '2025-03-26 13:36:29'),
(53, 'Fear of failure', '2025-03-26 13:36:29', '2025-03-26 13:36:29'),
(53, 'Lack of resources', '2025-03-26 13:36:29', '2025-03-26 13:36:29'),
(53, 'No clear goal', '2025-03-26 13:36:29', '2025-03-26 13:36:29'),
(53, 'No time to explore', '2025-03-26 13:36:29', '2025-03-26 13:36:29'),
(55, 'Daily', '2025-03-26 13:36:29', '2025-03-26 13:36:29'),
(55, 'Weekly', '2025-03-26 13:36:29', '2025-03-26 13:36:29'),
(55, 'Occasionally', '2025-03-26 13:36:29', '2025-03-26 13:36:29'),
(55, 'Rarely', '2025-03-26 13:36:29', '2025-03-26 13:36:29'),
(56, 'Workload', '2025-03-26 13:36:29', '2025-03-26 13:36:29'),
(56, 'Toxic environment', '2025-03-26 13:36:29', '2025-03-26 13:36:29'),
(56, 'Lack of purpose', '2025-03-26 13:36:29', '2025-03-26 13:36:29'),
(56, 'Other', '2025-03-26 13:36:29', '2025-03-26 13:36:29'),
(58, 'Daily', '2025-03-26 13:36:29', '2025-03-26 13:36:29'),
(58, 'Weekly', '2025-03-26 13:36:29', '2025-03-26 13:36:29'),
(58, 'Occasionally', '2025-03-26 13:36:29', '2025-03-26 13:36:29'),
(58, 'Rarely', '2025-03-26 13:36:29', '2025-03-26 13:36:29'),
(59, 'Lack of time', '2025-03-26 13:36:29', '2025-03-26 13:36:29'),
(59, 'Difficulty retaining information', '2025-03-26 13:36:29', '2025-03-26 13:36:29'),
(59, 'No clear learning plan', '2025-03-26 13:36:29', '2025-03-26 13:36:29'),
(59, 'Motivation', '2025-03-26 13:36:29', '2025-03-26 13:36:29'),
(61, 'Just an idea', '2025-03-26 13:36:29', '2025-03-26 13:36:29'),
(61, 'Started but struggling', '2025-03-26 13:36:29', '2025-03-26 13:36:29'),
(61, 'Making some progress', '2025-03-26 13:36:29', '2025-03-26 13:36:29'),
(61, 'Running successfully', '2025-03-26 13:36:29', '2025-03-26 13:36:29'),
(62, 'Finding customers', '2025-03-26 13:36:29', '2025-03-26 13:36:29'),
(62, 'Managing time', '2025-03-26 13:36:29', '2025-03-26 13:36:29'),
(62, 'Marketing & branding', '2025-03-26 13:36:29', '2025-03-26 13:36:29'),
(62, 'Financial resources', '2025-03-26 13:36:29', '2025-03-26 13:36:29'),
(64, 'Completely', '2025-03-26 13:36:29', '2025-03-26 13:36:29'),
(64, 'Mostly', '2025-03-26 13:36:29', '2025-03-26 13:36:29'),
(64, 'Somewhat', '2025-03-26 13:36:29', '2025-03-26 13:36:29'),
(64, 'Not at all', '2025-03-26 13:36:29', '2025-03-26 13:36:29'),
(65, 'Loneliness', '2025-03-26 13:36:29', '2025-03-26 13:36:29'),
(65, 'Culture shock', '2025-03-26 13:36:29', '2025-03-26 13:36:29'),
(65, 'Finances', '2025-03-26 13:36:29', '2025-03-26 13:36:29'),
(65, 'Work adjustment', '2025-03-26 13:36:29', '2025-03-26 13:36:29'),
(67, 'Very prepared', '2025-03-26 13:36:29', '2025-03-26 13:36:29'),
(67, 'Somewhat prepared', '2025-03-26 13:36:29', '2025-03-26 13:36:29'),
(67, 'Neutral', '2025-03-26 13:36:29', '2025-03-26 13:36:29'),
(67, 'Not prepared at all', '2025-03-26 13:36:29', '2025-03-26 13:36:29'),
(68, 'Balancing responsibilities', '2025-03-26 13:36:29', '2025-03-26 13:36:29'),
(68, 'Emotional readiness', '2025-03-26 13:36:29', '2025-03-26 13:36:29'),
(68, 'Financial stress', '2025-03-26 13:36:29', '2025-03-26 13:36:29'),
(68, 'Parenting skills', '2025-03-26 13:36:29', '2025-03-26 13:36:29'),
(70, 'Excited', '2025-03-26 13:36:29', '2025-03-26 13:36:29'),
(70, 'Uncertain', '2025-03-26 13:36:29', '2025-03-26 13:36:29'),
(70, 'Anxious', '2025-03-26 13:36:29', '2025-03-26 13:36:29'),
(70, 'Overwhelmed', '2025-03-26 13:36:29', '2025-03-26 13:36:29'),
(71, 'Finding new purpose', '2025-03-26 13:36:29', '2025-03-26 13:36:29'),
(71, 'Staying active', '2025-03-26 13:36:29', '2025-03-26 13:36:29'),
(71, 'Financial stability', '2025-03-26 13:36:29', '2025-03-26 13:36:29'),
(71, 'Social connections', '2025-03-26 13:36:29', '2025-03-26 13:36:29'),
(73, 'Just starting', '2025-03-26 13:36:29', '2025-03-26 13:36:29'),
(73, 'Making progress', '2025-03-26 13:36:29', '2025-03-26 13:36:29'),
(73, 'Almost there', '2025-03-26 13:36:29', '2025-03-26 13:36:29'),
(73, 'Fully recovered', '2025-03-26 13:36:29', '2025-03-26 13:36:29'),
(74, 'Family', '2025-03-26 13:36:29', '2025-03-26 13:36:29'),
(74, 'Personal growth', '2025-03-26 13:36:29', '2025-03-26 13:36:29'),
(74, 'Proving myself', '2025-03-26 13:36:29', '2025-03-26 13:36:29'),
(74, 'Other', '2025-03-26 13:36:29', '2025-03-26 13:36:29'),
(77, 'I haven’t started yet, but I want to', '2025-03-26 13:36:29', '2025-03-26 13:36:29'),
(77, 'I’ve read about it or learned some basics', '2025-03-26 13:36:29', '2025-03-26 13:36:29'),
(77, 'I’ve taken small steps, but I struggle to stay consistent', '2025-03-26 13:36:29', '2025-03-26 13:36:29'),
(77, 'I am actively working on it but still experience setbacks', '2025-03-26 13:36:29', '2025-03-26 13:36:29'),
(77, 'I’ve built a strong habit and feel confident', '2025-03-26 13:36:29', '2025-03-26 13:36:29'),
(78, 'I feel stuck & don’t know what to do', '2025-03-26 13:36:29', '2025-03-26 13:36:29'),
(78, 'I try but often give up after a few attempts', '2025-03-26 13:36:29', '2025-03-26 13:36:29'),
(78, 'I struggle sometimes, but I push through most of the time', '2025-03-26 13:36:29', '2025-03-26 13:36:29'),
(78, 'I embrace challenges and use them to improve', '2025-03-26 13:36:29', '2025-03-26 13:36:29');
INSERT INTO journeys (category, name, description, example, jpf_question1, jpf_question2, jpf_video_question, "createdAt", "updatedAt") VALUES
(1, 'Foundations of a Healthy Life', 'I feel tired, exhausted, or struggle with sleep.', 'Better sleep, nutrition, stress reduction', 1, 2, 3, '2025-03-26 13:36:29', '2025-03-26 13:36:29'),
(1, 'Mental & Emotional Wellbeing', 'I feel stressed, anxious, or overwhelmed.', 'Managing stress, anxiety, emotional resilience', 4, 5, 6, '2025-03-26 13:36:29', '2025-03-26 13:36:29'),
(1, 'Navigating Major Health Challenges', 'I have a long-term health condition and struggle to manage it.', 'Chronic illness, cancer treatment, long-term recovery', 7, 8, 9, '2025-03-26 13:36:29', '2025-03-26 13:36:29'),
(1, 'Healthy Eating & Weight Management', 'I struggle with emotional eating or maintaining a healthy diet.', 'Sustainable habits, mindful eating', 10, 11, 12, '2025-03-26 13:36:29', '2025-03-26 13:36:29'),
(1, 'Breaking Free from Smoking & Vaping', 'I want to quit smoking or vaping but keep relapsing.', 'Reduce cravings, replacement strategies', 13, 14, 15, '2025-03-26 13:36:29', '2025-03-26 13:36:29'),
(1, 'Building an Active Lifestyle', 'I struggle to stay active and build an exercise habit.', 'Daily movement, motivation, consistency', 16, 17, 18, '2025-03-26 13:36:29', '2025-03-26 13:36:29'),
(2, 'Mastering Self-Discipline', 'I procrastinate a lot and struggle with self-discipline.', 'Overcoming procrastination, building strong habits', 19, 20, 21, '2025-03-26 13:36:29', '2025-03-26 13:36:29'),
(2, 'Boosting Confidence & Self-Esteem', 'I doubt myself and struggle with confidence.', 'Daily affirmations, personal growth', 22, 23, 24, '2025-03-26 13:36:29', '2025-03-26 13:36:29'),
(2, 'Time Management & Focus', 'I struggle to stay focused and manage my time effectively.', 'Overcoming distractions, productivity hacks', 25, 26, 27, '2025-03-26 13:36:29', '2025-03-26 13:36:29'),
(2, 'Sharpening Social & Communication Skills', 'I feel nervous or awkward in social situations.', 'Conversations, public speaking', 28, 29, 30, '2025-03-26 13:36:29', '2025-03-26 13:36:29'),
(2, 'Financial Wellness & Smart Money Habits', 'I want to be better with money, saving, and budgeting.', 'Budgeting, savings, mindful spending', 31, 32, 33, '2025-03-26 13:36:29', '2025-03-26 13:36:29'),
(3, 'Healing from a Breakup or Heartbreak', 'I’m struggling to move on from a breakup or heartbreak.', 'Emotional support, moving forward', 34, 35, 36, '2025-03-26 13:36:29', '2025-03-26 13:36:29'),
(3, 'Strengthening Relationships & Connections', 'I want to improve my relationships and communication skills.', 'Better communication, deeper bonds', 37, 38, 39, '2025-03-26 13:36:29', '2025-03-26 13:36:29'),
(3, 'Overcoming Loneliness & Finding Community', 'I feel lonely and disconnected from people.', 'Building social networks, making friends', 40, 41, 42, '2025-03-26 13:36:29', '2025-03-26 13:36:29'),
(3, 'Managing Anger & Emotional Regulation', 'I get angry or frustrated easily and want to manage my emotions better.', 'Healthy expression, emotional control', 43, 44, 45, '2025-03-26 13:36:29', '2025-03-26 13:36:29'),
(3, 'Cultivating Gratitude & Positivity', 'I want to be more positive and practice gratitude.', 'Daily gratitude, mindset shift', 46, 47, 48, '2025-03-26 13:36:29', '2025-03-26 13:36:29'),
(4, 'Career Growth & Leadership', 'I feel stuck in my career and don’t know what to do next.', 'Personal branding, networking, leadership skills', 49, 50, 51, '2025-03-26 13:36:29', '2025-03-26 13:36:29'),
(4, 'Finding Your Passion & Purpose', 'I want to find my passion but feel lost.', 'Self-discovery, goal setting, fulfillment', 52, 53, 54, '2025-03-26 13:36:29', '2025-03-26 13:36:29'),
(4, 'Overcoming Job Burnout & Work Stress', 'I feel burnt out and exhausted from work.', 'Work-life balance, stress management', 55, 56, 57, '2025-03-26 13:36:29', '2025-03-26 13:36:29'),
(4, 'Lifelong Learning & mental Sharpness', 'I want to keep learning and improving my skills.', 'New skills, brain training, continuous improvement', 58, 59, 60, '2025-03-26 13:36:29', '2025-03-26 13:36:29'),
(4, 'Side Hustle & Entrepreneurship', 'I want to start a side hustle or business but don’t know where to begin.', 'Starting a business, freelancing, financial independence', 61, 62, 63, '2025-03-26 13:36:29', '2025-03-26 13:36:29'),
(5, 'Adjusting to a New city or Country', 'I just moved to a new city or country and feel lost.', 'Settling in, making connections, adapting', 64, 65, 66, '2025-03-26 13:36:29', '2025-03-26 13:36:29'),
(5, 'Embracing Parenthood & Family Life', 'I’m navigating the challenges of parenthood and family life.', 'New routines, emotional & practical support', 67, 68, 69, '2025-03-26 13:36:29', '2025-03-26 13:36:29'),
(5, 'Retirement & Finding New Purpose', 'I’m retiring and want to find new meaning in life.', 'Active lifestyle, fulfillment, transition planning', 70, 71, 72, '2025-03-26 13:36:29', '2025-03-26 13:36:29'),
(5, 'Bouncing Back from Major Life Setbacks', 'I’m going through a major life change and don’t know how to adjust.', 'Resilience, rebuilding, personal growth', 73, 74, 75, '2025-03-26 13:36:29', '2025-03-26 13:36:29');